5.31e+06,1e+06,1000
5.2269e+06,1.0517e+06,1000
5.1415e+06,1.1066e+06,1000
5.0535e+06,1.1647e+06,1000
4.9631e+06,1.2262e+06,1000
4.6578e+06,1.4453e+06,1000.1
4.3242e+06,1.7042e+06,1000.1
3.9633e+06,2.0056e+06,1000.1
3.5779e+06,2.3483e+06,1000.2
3.1734e+06,2.7263e+06,1000.2
2.7617e+06,3.1329e+06,1000.3
2.3559e+06,3.557e+06,1000.4
1.968e+06,3.978e+06,1000.4
1.6475e+06,4.3307e+06,1000.5
1.3584e+06,4.6588e+06,1000.6
1.1051e+06,4.9583e+06,1000.7
8.8806e+05,5.2188e+06,1000.8
7.2792e+05,5.4085e+06,1000.8
5.9261e+05,5.5711e+06,1000.9
4.799e+05,5.7095e+06,1001
3.8691e+05,5.8244e+06,1001.1
3.0846e+05,5.9202e+06,1001.2
2.4516e+05,5.998e+06,1001.3
1.9456e+05,6.0612e+06,1001.4
1.5424e+05,6.1117e+06,1001.5
1.2573e+05,6.1469e+06,1001.6
1.0247e+05,6.1757e+06,1001.7
83575,6.1992e+06,1001.8
68223,6.2183e+06,1001.8
56247,6.2332e+06,1001.9
46442,6.2453e+06,1002
38438,6.2553e+06,1002.1
31894,6.2634e+06,1002.2
26598,6.2699e+06,1002.3
22260,6.2752e+06,1002.3
18715,6.2795e+06,1002.4
15814,6.2831e+06,1002.5
13428,6.2859e+06,1002.6
11477,6.2883e+06,1002.7
9884.3,6.2901e+06,1002.7
8581.9,6.2917e+06,1002.8
7497.4,6.2929e+06,1002.9
6613.7,6.2939e+06,1003
5895.3,6.2947e+06,1003.1
5309.8,6.2953e+06,1003.2
4814.9,6.2958e+06,1003.2
4414.8,6.2962e+06,1003.3
4092.1,6.2965e+06,1003.4
3831.2,6.2967e+06,1003.5
3606.4,6.2968e+06,1003.6
3427.2,6.2969e+06,1003.7
3284.9,6.297e+06,1003.8
3171.6,6.297e+06,1003.8
3072,6.2969e+06,1003.9
2994.6,6.2969e+06,1004
2934.7,6.2968e+06,1004.1
2888.2,6.2967e+06,1004.2
2846.8,6.2966e+06,1004.4
2815.8,6.2965e+06,1004.5
2792.9,6.2964e+06,1004.6
2775.8,6.2962e+06,1004.7
2760.5,6.296e+06,1004.8
2749.7,6.2959e+06,1005
2742.3,6.2957e+06,1005.1
2737.1,6.2955e+06,1005.2
2732.4,6.2953e+06,1005.4
2729.3,6.295e+06,1005.5
2727.7,6.2948e+06,1005.7
2726.6,6.2946e+06,1005.9
2725.5,6.2943e+06,1006.1
2724.9,6.294e+06,1006.3
2724.9,6.2937e+06,1006.5
2725,6.2934e+06,1006.7
2724.8,6.293e+06,1006.9
2724.8,6.2926e+06,1007.2
2725.2,6.2922e+06,1007.5
2725.6,6.2918e+06,1007.7
2727.4,6.2973e+06,1008.1
2727.6,6.2972e+06,1008.5
2724.6,6.2853e+06,1008.8
2724.6,6.2829e+06,1009.2
2725.6,6.2855e+06,1009.2
2726.1,6.2871e+06,1009.3
2726.4,6.2878e+06,1009.4
2726.5,6.2881e+06,1009.4
2726.7,6.2885e+06,1009.5
2726.8,6.2887e+06,1009.6
2726.9,6.2887e+06,1009.6
2727,6.2887e+06,1009.7
2727.3,6.2893e+06,1009.8
2727.5,6.2893e+06,1010
2727.2,6.2881e+06,1010.1
2727.1,6.2873e+06,1010.3
2727.8,6.2889e+06,1010.4
2728.1,6.2893e+06,1010.5
2727.5,6.2871e+06,1010.7
2727.2,6.2856e+06,1010.8
2728.7,6.2894e+06,1010.9
2729.2,6.2905e+06,1011.1
2727.7,6.2858e+06,1011.2
2726.9,6.2829e+06,1011.3
2729,6.2885e+06,1011.4
2729.9,6.2905e+06,1011.6
2728,6.2849e+06,1011.7
2726.9,6.2812e+06,1011.8
2728.5,6.2854e+06,1011.9
2729.2,6.2871e+06,1012
2728.5,6.2847e+06,1012.1
2728,6.2829e+06,1012.2
2728.8,6.2848e+06,1012.3
2729.2,6.2856e+06,1012.4
2729,6.2845e+06,1012.5
2728.8,6.2836e+06,1012.6
2729.4,6.285e+06,1012.7
2729.7,6.2854e+06,1012.8
2729.3,6.2839e+06,1012.9
2729.1,6.2829e+06,1013
2730.2,6.2856e+06,1013.2
2730.7,6.2863e+06,1013.3
2729.6,6.2828e+06,1013.4
2729,6.2806e+06,1013.5
2731.2,6.2864e+06,1013.7
2731.9,6.2881e+06,1013.8
2729.7,6.2814e+06,1013.9
2728.4,6.2772e+06,1014
2730.6,6.283e+06,1014.1
2731.5,6.2852e+06,1014.2
2730.2,6.2811e+06,1014.3
2729.3,6.2783e+06,1014.4
2730.4,6.2811e+06,1014.5
2731,6.2823e+06,1014.6
2730.6,6.281e+06,1014.7
2730.4,6.2801e+06,1014.8
2731,6.2814e+06,1014.9
2731.3,6.2818e+06,1015
2731.1,6.2808e+06,1015.1
2730.9,6.28e+06,1015.2
2731.7,6.2817e+06,1015.3
2732,6.2822e+06,1015.4
2731.3,6.2799e+06,1015.5
2731,6.2785e+06,1015.6
2732.8,6.2832e+06,1015.8
2733.5,6.2846e+06,1015.9
2731.4,6.2784e+06,1016
2730.3,6.2747e+06,1016.1
2732.9,6.2818e+06,1016.2
2734,6.2844e+06,1016.3
2731.7,6.2776e+06,1016.4
2730.3,6.2732e+06,1016.6
2732,6.2776e+06,1016.6
2732.8,6.2795e+06,1016.7
2732.2,6.2776e+06,1016.8
2731.8,6.2761e+06,1016.9
2732.5,6.2778e+06,1017
2732.8,6.2785e+06,1017.1
2732.7,6.2776e+06,1017.2
2732.5,6.277e+06,1017.2
2733.1,6.2782e+06,1017.3
2733.4,6.2785e+06,1017.5
2733,6.2771e+06,1017.6
2732.8,6.2762e+06,1017.7
2734.1,6.2793e+06,1017.8
2734.5,6.2801e+06,1017.9
2733.1,6.2758e+06,1018
2732.4,6.2733e+06,1018.1
2733.6,6.2763e+06,1018.2
2734.1,6.2774e+06,1018.3
2733.6,6.2756e+06,1018.4
2733.2,6.2743e+06,1018.5
2733.9,6.2758e+06,1018.6
2734.2,6.2764e+06,1018.7
2733.9,6.2753e+06,1018.8
2733.8,6.2746e+06,1018.8
2734.5,6.2761e+06,1018.9
2734.8,6.2765e+06,1019.1
2734.2,6.2747e+06,1019.2
2733.9,6.2735e+06,1019.3
2735.4,6.2773e+06,1019.4
2736,6.2783e+06,1019.5
2734.3,6.2734e+06,1019.6
2733.4,6.2704e+06,1019.7
2736,6.2771e+06,1019.8
2736.9,6.2794e+06,1019.9
2734.5,6.2724e+06,1020
2733.1,6.2679e+06,1020.1
2735,6.2729e+06,1020.2
2735.8,6.275e+06,1020.3
2735,6.2724e+06,1020.4
2734.4,6.2704e+06,1020.4
2735.2,6.2724e+06,1020.5
2735.6,6.2733e+06,1020.6
2735.4,6.2724e+06,1020.7
2735.3,6.2717e+06,1020.8
2735.8,6.2729e+06,1020.9
2736.1,6.2732e+06,1020.9
2735.8,6.2721e+06,1021
2735.6,6.2712e+06,1021.1
2736.6,6.2736e+06,1021.2
2737,6.2743e+06,1021.3
2735.9,6.271e+06,1021.4
2735.4,6.2691e+06,1021.6
2737.8,6.2754e+06,1021.7
2738.6,6.2774e+06,1021.8
2735.9,6.2694e+06,1021.9
2734.4,6.2647e+06,1022
2737,6.2717e+06,1022.1
2738.1,6.2744e+06,1022.1
2736.4,6.2693e+06,1022.2
2735.2,6.2657e+06,1022.3
2736.5,6.269e+06,1022.4
2737.1,6.2705e+06,1022.5
2736.8,6.2694e+06,1022.5
2736.6,6.2685e+06,1022.6
2737.1,6.2697e+06,1022.7
2737.4,6.2702e+06,1022.8
2737.2,6.2694e+06,1022.8
2737.1,6.2688e+06,1022.9
2737.7,6.2702e+06,1023
2738,6.2706e+06,1023.1
2737.5,6.2687e+06,1023.2
2737.2,6.2676e+06,1023.3
2739,6.2722e+06,1023.4
2739.5,6.2734e+06,1023.5
2737.4,6.2671e+06,1023.6
2736.3,6.2635e+06,1023.7
2737.7,6.2671e+06,1023.8
2738.3,6.2687e+06,1023.9
2737.9,6.2673e+06,1024
2737.6,6.2661e+06,1024
2738.1,6.2674e+06,1024.1
2738.4,6.2679e+06,1024.2
2738.3,6.2673e+06,1024.2
2738.2,6.2668e+06,1024.3
2738.7,6.2679e+06,1024.4
2739,6.2682e+06,1024.5
2738.6,6.2668e+06,1024.6
2738.4,6.2659e+06,1024.7
2739.9,6.2699e+06,1024.8
2740.4,6.2709e+06,1024.9
2738.5,6.2652e+06,1025
2737.5,6.262e+06,1025.1
2738.8,6.2653e+06,1025.2
2739.4,6.2668e+06,1025.2
2739,6.2654e+06,1025.3
2738.7,6.2642e+06,1025.4
2739.2,6.2655e+06,1025.4
2739.5,6.266e+06,1025.5
2739.4,6.2653e+06,1025.6
2739.3,6.2648e+06,1025.7
2739.8,6.266e+06,1025.7
2740,6.2663e+06,1025.8
2739.6,6.2648e+06,1025.9
2739.4,6.2639e+06,1026
2741.1,6.2681e+06,1026.1
2741.6,6.2692e+06,1026.2
2739.6,6.2632e+06,1026.3
2738.5,6.2598e+06,1026.4
2739.8,6.2633e+06,1026.5
2740.5,6.2648e+06,1026.6
2740.1,6.2634e+06,1026.6
2739.7,6.2623e+06,1026.7
2740.3,6.2635e+06,1026.8
2740.5,6.264e+06,1026.8
2740.4,6.2634e+06,1026.9
2740.3,6.263e+06,1027
2740.8,6.2641e+06,1027
2741.1,6.2643e+06,1027.1
2740.7,6.263e+06,1027.2
2740.5,6.262e+06,1027.3
2742.1,6.2662e+06,1027.4
2742.6,6.2673e+06,1027.5
2740.6,6.2613e+06,1027.6
2739.5,6.2579e+06,1027.7
2740.8,6.2614e+06,1027.8
2741.5,6.2629e+06,1027.8
2741.1,6.2615e+06,1027.9
2740.7,6.2604e+06,1028
2741.3,6.2617e+06,1028
2741.5,6.2622e+06,1028.1
2741.4,6.2616e+06,1028.1
2741.3,6.2611e+06,1028.2
2741.8,6.2622e+06,1028.3
2742.1,6.2625e+06,1028.4
2741.7,6.2611e+06,1028.5
2741.5,6.2602e+06,1028.5
2743.1,6.2645e+06,1028.6
2743.6,6.2656e+06,1028.7
2741.6,6.2595e+06,1028.8
2740.5,6.2561e+06,1028.9
2741.8,6.2595e+06,1029
2742.4,6.2611e+06,1029
2742,6.2597e+06,1029.1
2741.7,6.2586e+06,1029.2
2742.2,6.2599e+06,1029.2
2742.5,6.2604e+06,1029.3
2742.4,6.2598e+06,1029.4
2742.3,6.2594e+06,1029.4
2742.8,6.2604e+06,1029.5
2743,6.2607e+06,1029.6
2742.6,6.2594e+06,1029.7
2742.4,6.2585e+06,1029.7
2744.1,6.2628e+06,1029.8
2744.6,6.2639e+06,1029.9
2742.5,6.2577e+06,1030
2741.4,6.2543e+06,1030.1
2742.7,6.2578e+06,1030.2
2743.4,6.2593e+06,1030.2
2743,6.258e+06,1030.3
2742.7,6.2569e+06,1030.3
2743.2,6.2581e+06,1030.4
2743.4,6.2586e+06,1030.5
2743.3,6.2581e+06,1030.5
2743.2,6.2577e+06,1030.6
2743.7,6.2587e+06,1030.7
2743.9,6.259e+06,1030.7
2743.5,6.2577e+06,1030.8
2743.3,6.2568e+06,1030.9
2745,6.2611e+06,1031
2745.5,6.2622e+06,1031.1
2743.4,6.256e+06,1031.2
2742.3,6.2526e+06,1031.3
2743.6,6.2561e+06,1031.3
2744.3,6.2576e+06,1031.4
2743.9,6.2563e+06,1031.4
2743.6,6.2552e+06,1031.5
2744.1,6.2565e+06,1031.5
2744.3,6.257e+06,1031.6
2744.2,6.2564e+06,1031.7
2744.1,6.256e+06,1031.7
2744.6,6.2571e+06,1031.8
2744.8,6.2574e+06,1031.9
2744.4,6.256e+06,1031.9
2744.2,6.2552e+06,1032
2745.9,6.2595e+06,1032.1
2746.4,6.2606e+06,1032.2
2744.3,6.2544e+06,1032.3
2743.2,6.2509e+06,1032.4
2744.5,6.2544e+06,1032.4
2745.1,6.256e+06,1032.5
2744.7,6.2547e+06,1032.5
2744.4,6.2536e+06,1032.6
2744.9,6.2548e+06,1032.6
2745.2,6.2554e+06,1032.7
2745.1,6.2548e+06,1032.7
2745,6.2544e+06,1032.8
2745.5,6.2555e+06,1032.9
2745.7,6.2558e+06,1032.9
2745.3,6.2545e+06,1033
2745.1,6.2536e+06,1033.1
2746.8,6.2579e+06,1033.2
2747.3,6.2591e+06,1033.3
2745.1,6.2528e+06,1033.3
2744,6.2493e+06,1033.4
2745.3,6.2529e+06,1033.5
2746,6.2544e+06,1033.5
2745.6,6.2532e+06,1033.6
2745.3,6.2521e+06,1033.6
2745.8,6.2533e+06,1033.7
2746,6.2538e+06,1033.7
2745.9,6.2533e+06,1033.8
2745.8,6.2529e+06,1033.8
2746.3,6.2539e+06,1033.9
2746.5,6.2542e+06,1034
2746.1,6.2529e+06,1034.1
2745.9,6.2521e+06,1034.1
2747.6,6.2564e+06,1034.2
2748.1,6.2576e+06,1034.3
2746,6.2513e+06,1034.4
2744.8,6.2478e+06,1034.4
2746.2,6.2513e+06,1034.5
2746.8,6.2529e+06,1034.5
2746.4,6.2517e+06,1034.6
2746.1,6.2506e+06,1034.7
2746.6,6.2518e+06,1034.7
2746.8,6.2523e+06,1034.8
2746.7,6.2518e+06,1034.8
2746.7,6.2514e+06,1034.9
2747.1,6.2525e+06,1034.9
2747.3,6.2528e+06,1035
2746.9,6.2515e+06,1035.1
2746.7,6.2506e+06,1035.1
2748.4,6.255e+06,1035.2
2748.9,6.2561e+06,1035.3
2746.7,6.2498e+06,1035.4
2745.6,6.2463e+06,1035.4
2746.9,6.2499e+06,1035.5
2747.6,6.2515e+06,1035.5
2747.2,6.2502e+06,1035.6
2746.9,6.2492e+06,1035.6
2747.4,6.2504e+06,1035.7
2747.6,6.2509e+06,1035.7
2747.5,6.2504e+06,1035.8
2747.4,6.25e+06,1035.8
2747.9,6.251e+06,1035.9
2748.1,6.2513e+06,1036
2747.7,6.25e+06,1036
2747.5,6.2492e+06,1036.1
2749.2,6.2536e+06,1036.2
2749.7,6.2547e+06,1036.2
2747.5,6.2484e+06,1036.3
2746.4,6.2449e+06,1036.4
2747.7,6.2485e+06,1036.4
2748.3,6.2501e+06,1036.5
2747.9,6.2488e+06,1036.5
2747.6,6.2478e+06,1036.6
2748.1,6.249e+06,1036.6
2748.4,6.2495e+06,1036.7
2748.3,6.249e+06,1036.7
2748.2,6.2486e+06,1036.8
2748.7,6.2497e+06,1036.8
2748.8,6.25e+06,1036.9
2748.5,6.2487e+06,1037
2748.2,6.2478e+06,1037
2749.9,6.2522e+06,1037.1
2750.4,6.2534e+06,1037.2
2748.2,6.247e+06,1037.2
2747.1,6.2435e+06,1037.3
2748.4,6.2471e+06,1037.4
2749.1,6.2487e+06,1037.4
2748.7,6.2475e+06,1037.5
2748.4,6.2464e+06,1037.5
2748.9,6.2476e+06,1037.5
2749.1,6.2481e+06,1037.6
2749,6.2477e+06,1037.6
2748.9,6.2473e+06,1037.7
2749.4,6.2483e+06,1037.7
2749.6,6.2486e+06,1037.8
2749.2,6.2473e+06,1037.9
2749,6.2465e+06,1037.9
2750.6,6.2509e+06,1038
2751.1,6.2521e+06,1038.1
2749,6.2457e+06,1038.1
2747.8,6.2422e+06,1038.2
2749.1,6.2458e+06,1038.2
2749.8,6.2474e+06,1038.3
2749.4,6.2462e+06,1038.3
2749.1,6.2451e+06,1038.4
2749.6,6.2463e+06,1038.4
2749.8,6.2468e+06,1038.5
2749.7,6.2464e+06,1038.5
2749.6,6.246e+06,1038.6
2750.1,6.247e+06,1038.6
2750.3,6.2473e+06,1038.7
2749.9,6.2461e+06,1038.7
2749.7,6.2452e+06,1038.8
2751.3,6.2497e+06,1038.9
2751.8,6.2508e+06,1038.9
2749.6,6.2445e+06,1039
2748.5,6.241e+06,1039.1
2749.8,6.2445e+06,1039.1
2750.5,6.2462e+06,1039.1
2750.1,6.2449e+06,1039.2
2749.8,6.2439e+06,1039.2
2750.2,6.2451e+06,1039.3
2750.5,6.2456e+06,1039.3
2750.4,6.2451e+06,1039.4
2750.3,6.2447e+06,1039.4
2750.7,6.2458e+06,1039.5
2750.9,6.2461e+06,1039.5
2750.5,6.2448e+06,1039.6
2750.3,6.244e+06,1039.6
2752,6.2484e+06,1039.7
2752.5,6.2496e+06,1039.8
2750.3,6.2432e+06,1039.8
2749.1,6.2397e+06,1039.9
2750.5,6.2433e+06,1039.9
2751.1,6.2449e+06,1040
2750.7,6.2437e+06,1040
2750.4,6.2427e+06,1040
2750.9,6.2439e+06,1040.1
2751.1,6.2444e+06,1040.1
2751,6.2439e+06,1040.2
2750.9,6.2436e+06,1040.2
2751.4,6.2446e+06,1040.3
2751.6,6.2449e+06,1040.3
2751.2,6.2437e+06,1040.4
2751,6.2428e+06,1040.4
2752.7,6.2473e+06,1040.5
2753.2,6.2484e+06,1040.6
2750.9,6.2421e+06,1040.6
2749.8,6.2386e+06,1040.7
2751.1,6.2421e+06,1040.7
2751.8,6.2438e+06,1040.8
2751.4,6.2425e+06,1040.8
2751,6.2415e+06,1040.8
2751.5,6.2427e+06,1040.9
2751.8,6.2432e+06,1040.9
2751.7,6.2428e+06,1041
2751.6,6.2424e+06,1041
2752,6.2435e+06,1041
2752.2,6.2438e+06,1041.1
2751.8,6.2425e+06,1041.2
2751.6,6.2417e+06,1041.2
2753.3,6.2461e+06,1041.3
2753.8,6.2473e+06,1041.3
2751.6,6.2409e+06,1041.4
2750.4,6.2374e+06,1041.4
2751.7,6.241e+06,1041.5
2752.4,6.2426e+06,1041.5
2752,6.2414e+06,1041.6
2751.7,6.2404e+06,1041.6
2752.1,6.2416e+06,1041.6
2752.4,6.2421e+06,1041.7
2752.3,6.2417e+06,1041.7
2752.2,6.2413e+06,1041.8
2752.6,6.2424e+06,1041.8
2752.8,6.2427e+06,1041.9
2752.4,6.2414e+06,1041.9
2752.2,6.2406e+06,1042
2753.9,6.245e+06,1042
2754.4,6.2462e+06,1042.1
2752.2,6.2398e+06,1042.1
2751,6.2363e+06,1042.2
2752.3,6.2399e+06,1042.2
2753,6.2416e+06,1042.3
2752.6,6.2403e+06,1042.3
2752.3,6.2393e+06,1042.3
2752.7,6.2405e+06,1042.4
2753,6.2411e+06,1042.4
2752.9,6.2406e+06,1042.4
2752.8,6.2402e+06,1042.5
2753.2,6.2413e+06,1042.5
2753.4,6.2416e+06,1042.6
2753,6.2403e+06,1042.6
2752.8,6.2395e+06,1042.7
2754.5,6.244e+06,1042.7
2755,6.2452e+06,1042.8
2752.7,6.2388e+06,1042.8
2751.6,6.2353e+06,1042.9
2752.9,6.2389e+06,1042.9
2753.5,6.2405e+06,1043
2753.1,6.2393e+06,1043
2752.8,6.2383e+06,1043
2753.3,6.2395e+06,1043.1
2753.5,6.24e+06,1043.1
2753.4,6.2396e+06,1043.2
2753.3,6.2392e+06,1043.2
2753.8,6.2403e+06,1043.2
2754,6.2406e+06,1043.3
2753.6,6.2393e+06,1043.3
2753.3,6.2385e+06,1043.4
2755,6.243e+06,1043.4
2755.5,6.2441e+06,1043.5
2753.3,6.2378e+06,1043.5
2752.1,6.2343e+06,1043.6
2753.5,6.2379e+06,1043.6
2754.1,6.2395e+06,1043.7
2753.7,6.2383e+06,1043.7
2753.4,6.2373e+06,1043.7
2753.9,6.2385e+06,1043.8
2754.1,6.239e+06,1043.8
2754,6.2386e+06,1043.8
2753.9,6.2382e+06,1043.9
2754.3,6.2393e+06,1043.9
2754.5,6.2396e+06,1044
2754.1,6.2383e+06,1044
2753.9,6.2375e+06,1044
2755.6,6.242e+06,1044.1
2756,6.2432e+06,1044.2
2753.8,6.2368e+06,1044.2
2752.6,6.2333e+06,1044.3
2754,6.2369e+06,1044.3
2754.6,6.2385e+06,1044.3
2754.2,6.2373e+06,1044.4
2753.9,6.2363e+06,1044.4
2754.4,6.2375e+06,1044.4
2754.6,6.238e+06,1044.5
2754.5,6.2376e+06,1044.5
2754.4,6.2372e+06,1044.5
2754.9,6.2383e+06,1044.6
2755,6.2386e+06,1044.6
2754.6,6.2374e+06,1044.7
2754.4,6.2366e+06,1044.7
2756.1,6.241e+06,1044.7
2756.6,6.2422e+06,1044.8
2754.3,6.2358e+06,1044.8
2753.2,6.2324e+06,1044.9
2754.5,6.236e+06,1044.9
2755.1,6.2376e+06,1045
2754.7,6.2364e+06,1045
2754.4,6.2354e+06,1045
2754.9,6.2366e+06,1045.1
2755.1,6.2371e+06,1045.1
2755,6.2367e+06,1045.1
2754.9,6.2363e+06,1045.2
2755.4,6.2374e+06,1045.2
2755.5,6.2377e+06,1045.2
2755.1,6.2365e+06,1045.3
2754.9,6.2357e+06,1045.3
2756.6,6.2401e+06,1045.4
2757.1,6.2413e+06,1045.4
2754.8,6.2349e+06,1045.5
2753.7,6.2314e+06,1045.5
2755,6.235e+06,1045.5
2755.6,6.2367e+06,1045.6
2755.2,6.2355e+06,1045.6
2754.9,6.2345e+06,1045.6
2755.4,6.2357e+06,1045.7
2755.6,6.2362e+06,1045.7
2755.5,6.2358e+06,1045.7
2755.4,6.2354e+06,1045.8
2755.8,6.2365e+06,1045.8
2756,6.2368e+06,1045.8
2755.6,6.2356e+06,1045.9
2755.4,6.2348e+06,1045.9
2757.1,6.2392e+06,1046
2757.6,6.2404e+06,1046
2755.3,6.2341e+06,1046.1
2754.1,6.2306e+06,1046.1
2755.5,6.2342e+06,1046.1
2756.1,6.2358e+06,1046.2
2755.7,6.2346e+06,1046.2
2755.4,6.2336e+06,1046.2
2755.9,6.2348e+06,1046.3
2756.1,6.2354e+06,1046.3
2756,6.2349e+06,1046.3
2755.9,6.2346e+06,1046.3
2756.3,6.2356e+06,1046.4
2756.5,6.236e+06,1046.4
2756.1,6.2347e+06,1046.5
2755.9,6.2339e+06,1046.5
2757.5,6.2384e+06,1046.5
2758,6.2396e+06,1046.6
2755.8,6.2332e+06,1046.6
2754.6,6.2297e+06,1046.7
2755.9,6.2333e+06,1046.7
2756.6,6.235e+06,1046.7
2756.2,6.2338e+06,1046.8
2755.8,6.2328e+06,1046.8
2756.3,6.234e+06,1046.8
2756.5,6.2345e+06,1046.9
2756.4,6.2341e+06,1046.9
2756.3,6.2337e+06,1046.9
2756.8,6.2348e+06,1047
2756.9,6.2351e+06,1047
2756.5,6.2339e+06,1047
2756.3,6.2331e+06,1047.1
2758,6.2376e+06,1047.1
2758.5,6.2388e+06,1047.2
2756.2,6.2324e+06,1047.2
2755,6.2289e+06,1047.2
2756.4,6.2325e+06,1047.3
2757,6.2342e+06,1047.3
2756.6,6.233e+06,1047.3
2756.3,6.232e+06,1047.3
2756.8,6.2332e+06,1047.4
2757,6.2337e+06,1047.4
2756.9,6.2333e+06,1047.4
2756.8,6.2329e+06,1047.5
2757.2,6.234e+06,1047.5
2757.4,6.2343e+06,1047.5
2757,6.2331e+06,1047.6
2756.7,6.2323e+06,1047.6
2758.4,6.2368e+06,1047.6
2758.9,6.238e+06,1047.7
2756.7,6.2316e+06,1047.7
2755.5,6.2281e+06,1047.8
2756.8,6.2317e+06,1047.8
2757.4,6.2334e+06,1047.8
2757,6.2322e+06,1047.9
2756.7,6.2312e+06,1047.9
2757.2,6.2324e+06,1047.9
2757.4,6.2329e+06,1047.9
2757.3,6.2325e+06,1048
2757.2,6.2321e+06,1048
2757.6,6.2332e+06,1048
2757.8,6.2336e+06,1048.1
2757.4,6.2323e+06,1048.1
2757.2,6.2315e+06,1048.1
2758.8,6.236e+06,1048.2
2759.3,6.2372e+06,1048.2
2757.1,6.2309e+06,1048.2
2755.9,6.2274e+06,1048.3
2757.2,6.231e+06,1048.3
2757.8,6.2326e+06,1048.3
2757.4,6.2314e+06,1048.4
2757.1,6.2304e+06,1048.4
2757.6,6.2317e+06,1048.4
2757.8,6.2322e+06,1048.4
2757.7,6.2318e+06,1048.5
2757.6,6.2314e+06,1048.5
2758,6.2325e+06,1048.5
2758.2,6.2328e+06,1048.6
2757.8,6.2316e+06,1048.6
2757.6,6.2308e+06,1048.6
2759.2,6.2353e+06,1048.7
2759.7,6.2365e+06,1048.7
2757.5,6.2301e+06,1048.7
2756.3,6.2266e+06,1048.8
2757.6,6.2303e+06,1048.8
2758.2,6.2319e+06,1048.8
2757.8,6.2307e+06,1048.9
2757.5,6.2297e+06,1048.9
2758,6.2309e+06,1048.9
2758.2,6.2315e+06,1048.9
2758.1,6.231e+06,1049
2758,6.2307e+06,1049
2758.4,6.2318e+06,1049
2758.6,6.2321e+06,1049
2758.2,6.2309e+06,1049.1
2758,6.2301e+06,1049.1
2759.6,6.2346e+06,1049.1
2760.1,6.2358e+06,1049.2
2757.9,6.2294e+06,1049.2
2756.7,6.2259e+06,1049.3
2758,6.2296e+06,1049.3
2758.6,6.2312e+06,1049.3
2758.2,6.23e+06,1049.3
2757.9,6.229e+06,1049.4
2758.4,6.2302e+06,1049.4
2758.6,6.2308e+06,1049.4
2758.5,6.2303e+06,1049.4
2758.4,6.23e+06,1049.5
2758.8,6.2311e+06,1049.5
2759,6.2314e+06,1049.5
2758.6,6.2302e+06,1049.5
2758.3,6.2294e+06,1049.6
2760,6.2339e+06,1049.6
2760.5,6.2351e+06,1049.7
2758.2,6.2287e+06,1049.7
2757,6.2253e+06,1049.7
2758.4,6.2289e+06,1049.7
2759,6.2305e+06,1049.8
2758.6,6.2293e+06,1049.8
2758.3,6.2284e+06,1049.8
2758.7,6.2296e+06,1049.8
2759,6.2301e+06,1049.9
2758.8,6.2297e+06,1049.9
2758.7,6.2293e+06,1049.9
2759.2,6.2304e+06,1049.9
2759.3,6.2307e+06,1050
2758.9,6.2295e+06,1050
2758.7,6.2288e+06,1050
2760.4,6.2332e+06,1050.1
2760.8,6.2344e+06,1050.1
2758.6,6.2281e+06,1050.1
2757.4,6.2246e+06,1050.2
2758.7,6.2282e+06,1050.2
2759.4,6.2299e+06,1050.2
2759,6.2287e+06,1050.2
2758.6,6.2277e+06,1050.3
2759.1,6.2289e+06,1050.3
2759.3,6.2295e+06,1050.3
2759.2,6.229e+06,1050.3
2759.1,6.2287e+06,1050.3
2759.5,6.2298e+06,1050.4
2759.7,6.2301e+06,1050.4
2759.3,6.2289e+06,1050.4
2759.1,6.2281e+06,1050.5
2760.7,6.2326e+06,1050.5
2761.2,6.2338e+06,1050.5
2758.9,6.2274e+06,1050.6
2757.7,6.224e+06,1050.6
2759.1,6.2276e+06,1050.6
2759.7,6.2292e+06,1050.6
2759.3,6.2281e+06,1050.7
2759,6.2271e+06,1050.7
2759.4,6.2283e+06,1050.7
2759.7,6.2288e+06,1050.7
2759.5,6.2284e+06,1050.7
2759.4,6.2281e+06,1050.8
2759.9,6.2291e+06,1050.8
2760,6.2295e+06,1050.8
2759.6,6.2283e+06,1050.9
2759.4,6.2275e+06,1050.9
2761.1,6.232e+06,1050.9
2761.5,6.2332e+06,1050.9
2759.3,6.2268e+06,1051
2758.1,6.2234e+06,1051
2759.4,6.227e+06,1051
2760,6.2286e+06,1051.1
2759.6,6.2275e+06,1051.1
2759.3,6.2265e+06,1051.1
2759.8,6.2277e+06,1051.1
2760,6.2282e+06,1051.1
2759.9,6.2278e+06,1051.2
2759.8,6.2275e+06,1051.2
2760.2,6.2285e+06,1051.2
2760.4,6.2289e+06,1051.2
2760,6.2277e+06,1051.3
2759.7,6.2269e+06,1051.3
2761.4,6.2314e+06,1051.3
2761.9,6.2326e+06,1051.3
2759.6,6.2263e+06,1051.4
2758.4,6.2228e+06,1051.4
2759.7,6.2264e+06,1051.4
2760.4,6.2281e+06,1051.5
2760,6.2269e+06,1051.5
2759.6,6.2259e+06,1051.5
2760.1,6.2271e+06,1051.5
2760.3,6.2277e+06,1051.5
2760.2,6.2272e+06,1051.5
2760.1,6.2269e+06,1051.6
2760.5,6.228e+06,1051.6
2760.7,6.2283e+06,1051.6
2760.3,6.2271e+06,1051.6
2760,6.2263e+06,1051.7
2761.7,6.2308e+06,1051.7
2762.2,6.232e+06,1051.7
2759.9,6.2257e+06,1051.8
2758.7,6.2222e+06,1051.8
2760,6.2258e+06,1051.8
2760.7,6.2275e+06,1051.8
2760.3,6.2263e+06,1051.9
2759.9,6.2253e+06,1051.9
2760.4,6.2266e+06,1051.9
2760.6,6.2271e+06,1051.9
2760.5,6.2267e+06,1051.9
2760.4,6.2263e+06,1051.9
2760.8,6.2274e+06,1052
2761,6.2278e+06,1052
2760.6,6.2265e+06,1052
2760.3,6.2258e+06,1052
2762,6.2303e+06,1052.1
2762.5,6.2315e+06,1052.1
2760.2,6.2251e+06,1052.1
2759,6.2217e+06,1052.2
2760.3,6.2253e+06,1052.2
2761,6.227e+06,1052.2
2760.6,6.2258e+06,1052.2
2760.2,6.2248e+06,1052.2
2760.7,6.226e+06,1052.3
2760.9,6.2266e+06,1052.3
2760.8,6.2261e+06,1052.3
2760.7,6.2258e+06,1052.3
2761.1,6.2269e+06,1052.3
2761.3,6.2272e+06,1052.4
2760.9,6.226e+06,1052.4
2760.6,6.2253e+06,1052.4
2762.3,6.2297e+06,1052.4
2762.8,6.231e+06,1052.5
2760.5,6.2246e+06,1052.5
2759.3,6.2212e+06,1052.5
2760.6,6.2248e+06,1052.5
2761.3,6.2264e+06,1052.6
2760.8,6.2252e+06,1052.6
2760.5,6.2243e+06,1052.6
2761,6.2255e+06,1052.6
2761.2,6.226e+06,1052.6
2761.1,6.2256e+06,1052.6
2761,6.2253e+06,1052.7
2761.4,6.2264e+06,1052.7
2761.6,6.2267e+06,1052.7
2761.2,6.2255e+06,1052.7
2760.9,6.2247e+06,1052.8
2762.6,6.2292e+06,1052.8
2763,6.2305e+06,1052.8
2760.8,6.2241e+06,1052.8
2759.6,6.2207e+06,1052.9
2760.9,6.2243e+06,1052.9
2761.5,6.2259e+06,1052.9
2761.1,6.2247e+06,1052.9
2760.8,6.2238e+06,1052.9
2761.3,6.225e+06,1053
2761.5,6.2255e+06,1053
2761.4,6.2251e+06,1053
2761.2,6.2248e+06,1053
2761.7,6.2259e+06,1053
2761.8,6.2262e+06,1053.1
2761.4,6.225e+06,1053.1
2761.2,6.2242e+06,1053.1
2762.8,6.2287e+06,1053.1
2763.3,6.23e+06,1053.1
2761.1,6.2236e+06,1053.2
2759.8,6.2202e+06,1053.2
2761.2,6.2238e+06,1053.2
2761.8,6.2254e+06,1053.2
2761.4,6.2243e+06,1053.3
2761.1,6.2233e+06,1053.3
2761.5,6.2245e+06,1053.3
2761.7,6.2251e+06,1053.3
2761.6,6.2246e+06,1053.3
2761.5,6.2243e+06,1053.3
2761.9,6.2254e+06,1053.4
2762.1,6.2257e+06,1053.4
2761.7,6.2245e+06,1053.4
2761.4,6.2238e+06,1053.4
2763.1,6.2283e+06,1053.4
2763.6,6.2295e+06,1053.5
2761.3,6.2231e+06,1053.5
2760.1,6.2197e+06,1053.5
2761.4,6.2233e+06,1053.5
2762.1,6.225e+06,1053.6
2761.6,6.2238e+06,1053.6
2761.3,6.2228e+06,1053.6
2761.8,6.224e+06,1053.6
2762,6.2246e+06,1053.6
2761.9,6.2242e+06,1053.6
2761.8,6.2238e+06,1053.6
2762.2,6.2249e+06,1053.7
2762.4,6.2253e+06,1053.7
2761.9,6.2241e+06,1053.7
2761.7,6.2233e+06,1053.7
2763.3,6.2278e+06,1053.8
2763.8,6.229e+06,1053.8
2761.6,6.2227e+06,1053.8
2760.4,6.2192e+06,1053.8
2761.7,6.2229e+06,1053.8
2762.3,6.2245e+06,1053.9
2761.9,6.2233e+06,1053.9
2761.6,6.2224e+06,1053.9
2762,6.2236e+06,1053.9
2762.2,6.2241e+06,1053.9
2762.1,6.2237e+06,1053.9
2762,6.2234e+06,1054
2762.4,6.2245e+06,1054
2762.6,6.2248e+06,1054
2762.2,6.2236e+06,1054
2761.9,6.2229e+06,1054
2763.6,6.2274e+06,1054.1
2764.1,6.2286e+06,1054.1
2761.8,6.2222e+06,1054.1
2760.6,6.2188e+06,1054.1
2761.9,6.2224e+06,1054.1
2762.5,6.2241e+06,1054.2
2762.1,6.2229e+06,1054.2
2761.8,6.2219e+06,1054.2
2762.3,6.2232e+06,1054.2
2762.5,6.2237e+06,1054.2
2762.4,6.2233e+06,1054.2
2762.3,6.223e+06,1054.2
2762.7,6.2241e+06,1054.3
2762.8,6.2244e+06,1054.3
2762.4,6.2232e+06,1054.3
2762.2,6.2224e+06,1054.3
2763.8,6.2269e+06,1054.3
2764.3,6.2282e+06,1054.4
2762,6.2218e+06,1054.4
2760.8,6.2184e+06,1054.4
2762.2,6.222e+06,1054.4
2762.8,6.2237e+06,1054.4
2762.4,6.2225e+06,1054.5
2762,6.2215e+06,1054.5
2762.5,6.2227e+06,1054.5
2762.7,6.2233e+06,1054.5
2762.6,6.2229e+06,1054.5
2762.5,6.2225e+06,1054.5
2762.9,6.2236e+06,1054.5
2763.1,6.224e+06,1054.6
2762.6,6.2228e+06,1054.6
2762.4,6.222e+06,1054.6
2764.1,6.2265e+06,1054.6
2764.5,6.2278e+06,1054.6
2762.3,6.2214e+06,1054.7
2761,6.218e+06,1054.7
2762.4,6.2216e+06,1054.7
2763,6.2233e+06,1054.7
2762.6,6.2221e+06,1054.7
2762.3,6.2211e+06,1054.7
2762.7,6.2223e+06,1054.8
2762.9,6.2229e+06,1054.8
2762.8,6.2225e+06,1054.8
2762.7,6.2221e+06,1054.8
2763.1,6.2232e+06,1054.8
2763.3,6.2236e+06,1054.8
2762.9,6.2224e+06,1054.9
2762.6,6.2216e+06,1054.9
2764.3,6.2261e+06,1054.9
2764.7,6.2274e+06,1054.9
2762.5,6.221e+06,1054.9
2761.3,6.2176e+06,1055
2762.6,6.2212e+06,1055
2763.2,6.2229e+06,1055
2762.8,6.2217e+06,1055
2762.5,6.2207e+06,1055
2762.9,6.2219e+06,1055
2763.2,6.2225e+06,1055
2763,6.2221e+06,1055.1
2762.9,6.2218e+06,1055.1
2763.3,6.2229e+06,1055.1
2763.5,6.2232e+06,1055.1
2763.1,6.222e+06,1055.1
2762.8,6.2213e+06,1055.1
2764.5,6.2258e+06,1055.2
2765,6.227e+06,1055.2
2762.7,6.2206e+06,1055.2
2761.5,6.2172e+06,1055.2
2762.8,6.2208e+06,1055.2
2763.4,6.2225e+06,1055.2
2763,6.2213e+06,1055.3
2762.7,6.2203e+06,1055.3
2763.1,6.2216e+06,1055.3
2763.4,6.2221e+06,1055.3
2763.2,6.2217e+06,1055.3
2763.1,6.2214e+06,1055.3
2763.5,6.2225e+06,1055.3
2763.7,6.2228e+06,1055.4
2763.3,6.2216e+06,1055.4
2763,6.2209e+06,1055.4
2764.7,6.2254e+06,1055.4
2765.2,6.2266e+06,1055.4
2762.9,6.2203e+06,1055.4
2761.7,6.2168e+06,1055.5
2763,6.2205e+06,1055.5
2763.6,6.2221e+06,1055.5
2763.2,6.221e+06,1055.5
2762.9,6.22e+06,1055.5
2763.3,6.2212e+06,1055.5
2763.6,6.2218e+06,1055.5
2763.4,6.2214e+06,1055.6
2763.3,6.221e+06,1055.6
2763.7,6.2221e+06,1055.6
2763.9,6.2225e+06,1055.6
2763.5,6.2213e+06,1055.6
2763.2,6.2205e+06,1055.6
2764.9,6.225e+06,1055.6
2765.3,6.2263e+06,1055.7
2763.1,6.2199e+06,1055.7
2761.9,6.2165e+06,1055.7
2763.2,6.2201e+06,1055.7
2763.8,6.2218e+06,1055.7
2763.4,6.2206e+06,1055.7
2763.1,6.2196e+06,1055.8
2763.5,6.2209e+06,1055.8
2763.7,6.2214e+06,1055.8
2763.6,6.221e+06,1055.8
2763.5,6.2207e+06,1055.8
2763.9,6.2218e+06,1055.8
2764.1,6.2221e+06,1055.8
2763.7,6.2209e+06,1055.8
2763.4,6.2202e+06,1055.9
2765.1,6.2247e+06,1055.9
2765.5,6.2259e+06,1055.9
2763.3,6.2196e+06,1055.9
2762.1,6.2162e+06,1055.9
2763.4,6.2198e+06,1055.9
2764,6.2214e+06,1056
2763.6,6.2203e+06,1056
2763.3,6.2193e+06,1056
2763.7,6.2205e+06,1056
2763.9,6.2211e+06,1056
2763.8,6.2207e+06,1056
2763.7,6.2203e+06,1056
2764.1,6.2214e+06,1056
2764.3,6.2218e+06,1056.1
2763.8,6.2206e+06,1056.1
2763.6,6.2199e+06,1056.1
2765.3,6.2244e+06,1056.1
2765.7,6.2256e+06,1056.1
2763.5,6.2193e+06,1056.1
2762.2,6.2158e+06,1056.2
2763.6,6.2194e+06,1056.2
2764.2,6.2211e+06,1056.2
2763.8,6.2199e+06,1056.2
2763.4,6.219e+06,1056.2
2763.9,6.2202e+06,1056.2
2764.1,6.2208e+06,1056.2
2764,6.2204e+06,1056.2
2763.9,6.22e+06,1056.2
2764.3,6.2211e+06,1056.3
2764.4,6.2215e+06,1056.3
2764,6.2203e+06,1056.3
2763.8,6.2195e+06,1056.3
2765.4,6.224e+06,1056.3
2765.9,6.2253e+06,1056.3
2763.6,6.2189e+06,1056.4
2762.4,6.2155e+06,1056.4
2763.7,6.2191e+06,1056.4
2764.4,6.2208e+06,1056.4
2763.9,6.2196e+06,1056.4
2763.6,6.2187e+06,1056.4
2764.1,6.2199e+06,1056.4
2764.3,6.2205e+06,1056.4
2764.1,6.22e+06,1056.4
2764,6.2197e+06,1056.5
2764.5,6.2208e+06,1056.5
2764.6,6.2212e+06,1056.5
2764.2,6.22e+06,1056.5
2763.9,6.2192e+06,1056.5
2765.6,6.2237e+06,1056.5
2766.1,6.225e+06,1056.5
2763.8,6.2186e+06,1056.6
2762.6,6.2152e+06,1056.6
2763.9,6.2188e+06,1056.6
2764.5,6.2205e+06,1056.6
2764.1,6.2193e+06,1056.6
2763.8,6.2184e+06,1056.6
2764.2,6.2196e+06,1056.6
2764.4,6.2202e+06,1056.6
2764.3,6.2197e+06,1056.7
2764.2,6.2194e+06,1056.7
2764.6,6.2205e+06,1056.7
2764.8,6.2209e+06,1056.7
2764.4,6.2197e+06,1056.7
2764.1,6.2189e+06,1056.7
2765.8,6.2234e+06,1056.7
2766.2,6.2247e+06,1056.7
2764,6.2183e+06,1056.8
2762.7,6.2149e+06,1056.8
2764.1,6.2185e+06,1056.8
2764.7,6.2202e+06,1056.8
2764.3,6.219e+06,1056.8
2763.9,6.2181e+06,1056.8
2764.4,6.2193e+06,1056.8
2764.6,6.2199e+06,1056.8
2764.5,6.2195e+06,1056.8
2764.4,6.2191e+06,1056.9
2764.8,6.2202e+06,1056.9
2764.9,6.2206e+06,1056.9
2764.5,6.2194e+06,1056.9
2764.3,6.2186e+06,1056.9
2765.9,6.2232e+06,1056.9
2766.4,6.2244e+06,1056.9
2764.1,6.2181e+06,1057
2762.9,6.2146e+06,1057
2764.2,6.2183e+06,1057
2764.8,6.2199e+06,1057
2764.4,6.2188e+06,1057
2764.1,6.2178e+06,1057
2764.5,6.219e+06,1057
2764.8,6.2196e+06,1057
2764.6,6.2192e+06,1057
2764.5,6.2188e+06,1057
2764.9,6.22e+06,1057.1
2765.1,6.2203e+06,1057.1
2764.7,6.2191e+06,1057.1
2764.4,6.2184e+06,1057.1
2766.1,6.2229e+06,1057.1
2766.5,6.2241e+06,1057.1
2764.3,6.2178e+06,1057.1
2763,6.2144e+06,1057.2
2764.4,6.218e+06,1057.2
2765,6.2197e+06,1057.2
2764.6,6.2185e+06,1057.2
2764.2,6.2175e+06,1057.2
2764.7,6.2188e+06,1057.2
2764.9,6.2193e+06,1057.2
2764.8,6.2189e+06,1057.2
2764.7,6.2186e+06,1057.2
2765.1,6.2197e+06,1057.2
2765.2,6.22e+06,1057.3
2764.8,6.2189e+06,1057.3
2764.6,6.2181e+06,1057.3
2766.2,6.2226e+06,1057.3
2766.7,6.2239e+06,1057.3
2764.4,6.2175e+06,1057.3
2763.2,6.2141e+06,1057.3
2764.5,6.2177e+06,1057.3
2765.1,6.2194e+06,1057.4
2764.7,6.2182e+06,1057.4
2764.4,6.2173e+06,1057.4
2764.8,6.2185e+06,1057.4
2765.1,6.2191e+06,1057.4
2764.9,6.2187e+06,1057.4
2764.8,6.2183e+06,1057.4
2765.2,6.2194e+06,1057.4
2765.4,6.2198e+06,1057.4
2765,6.2186e+06,1057.4
2764.7,6.2179e+06,1057.5
2766.4,6.2224e+06,1057.5
2766.8,6.2236e+06,1057.5
2764.5,6.2173e+06,1057.5
2763.3,6.2138e+06,1057.5
2764.7,6.2175e+06,1057.5
2765.3,6.2191e+06,1057.5
2764.9,6.218e+06,1057.5
2764.5,6.217e+06,1057.5
2765,6.2182e+06,1057.5
2765.2,6.2188e+06,1057.6
2765.1,6.2184e+06,1057.6
2764.9,6.2181e+06,1057.6
2765.4,6.2192e+06,1057.6
2765.5,6.2195e+06,1057.6
2765.1,6.2184e+06,1057.6
2764.8,6.2176e+06,1057.6
2766.5,6.2221e+06,1057.6
2767,6.2234e+06,1057.6
2764.7,6.217e+06,1057.7
2763.5,6.2136e+06,1057.7
2764.8,6.2172e+06,1057.7
2765.4,6.2189e+06,1057.7
2765,6.2177e+06,1057.7
2764.6,6.2168e+06,1057.7
2765.1,6.218e+06,1057.7
2765.3,6.2186e+06,1057.7
2765.2,6.2182e+06,1057.7
2765.1,6.2178e+06,1057.7
2765.5,6.2189e+06,1057.7
2765.6,6.2193e+06,1057.8
2765.2,6.2181e+06,1057.8
2765,6.2174e+06,1057.8
2766.6,6.2219e+06,1057.8
2767.1,6.2231e+06,1057.8
2764.8,6.2168e+06,1057.8
2763.6,6.2134e+06,1057.8
2764.9,6.217e+06,1057.8
2765.5,6.2187e+06,1057.8
2765.1,6.2175e+06,1057.9
2764.8,6.2165e+06,1057.9
2765.2,6.2178e+06,1057.9
2765.5,6.2183e+06,1057.9
2765.3,6.2179e+06,1057.9
2765.2,6.2176e+06,1057.9
2765.6,6.2187e+06,1057.9
2765.8,6.2191e+06,1057.9
2765.4,6.2179e+06,1057.9
2765.1,6.2171e+06,1057.9
2766.7,6.2216e+06,1057.9
2767.2,6.2229e+06,1058
2764.9,6.2166e+06,1058
2763.7,6.2131e+06,1058
2765,6.2168e+06,1058
2765.7,6.2184e+06,1058
2765.2,6.2173e+06,1058
2764.9,6.2163e+06,1058
2765.4,6.2175e+06,1058
2765.6,6.2181e+06,1058
2765.4,6.2177e+06,1058
2765.3,6.2174e+06,1058
2765.7,6.2185e+06,1058.1
2765.9,6.2189e+06,1058.1
2765.5,6.2177e+06,1058.1
2765.2,6.2169e+06,1058.1
2766.9,6.2214e+06,1058.1
2767.3,6.2227e+06,1058.1
2765.1,6.2163e+06,1058.1
2763.8,6.2129e+06,1058.1
2765.2,6.2165e+06,1058.1
2765.8,6.2182e+06,1058.1
2765.4,6.2171e+06,1058.2
2765,6.2161e+06,1058.2
2765.5,6.2173e+06,1058.2
2765.7,6.2179e+06,1058.2
2765.6,6.2175e+06,1058.2
2765.4,6.2172e+06,1058.2
2765.9,6.2183e+06,1058.2
2766,6.2186e+06,1058.2
2765.6,6.2174e+06,1058.2
2765.3,6.2167e+06,1058.2
2767,6.2212e+06,1058.2
2767.4,6.2225e+06,1058.3
2765.2,6.2161e+06,1058.3
2764,6.2127e+06,1058.3
2765.3,6.2163e+06,1058.3
2765.9,6.218e+06,1058.3
2765.5,6.2168e+06,1058.3
2765.1,6.2159e+06,1058.3
2765.6,6.2171e+06,1058.3
2765.8,6.2177e+06,1058.3
2765.7,6.2173e+06,1058.3
2765.6,6.217e+06,1058.3
2766,6.2181e+06,1058.3
2766.1,6.2184e+06,1058.4
2765.7,6.2172e+06,1058.4
2765.4,6.2165e+06,1058.4
2767.1,6.221e+06,1058.4
2767.6,6.2223e+06,1058.4
2765.3,6.2159e+06,1058.4
2764.1,6.2125e+06,1058.4
2765.4,6.2161e+06,1058.4
2766,6.2178e+06,1058.4
2765.6,6.2166e+06,1058.4
2765.2,6.2157e+06,1058.4
2765.7,6.2169e+06,1058.5
2765.9,6.2175e+06,1058.5
2765.8,6.2171e+06,1058.5
2765.7,6.2168e+06,1058.5
2766.1,6.2179e+06,1058.5
2766.2,6.2182e+06,1058.5
2765.8,6.217e+06,1058.5
2765.6,6.2163e+06,1058.5
2767.2,6.2208e+06,1058.5
2767.7,6.2221e+06,1058.5
2765.4,6.2157e+06,1058.5
2764.2,6.2123e+06,1058.5
2765.5,6.2159e+06,1058.6
2766.1,6.2176e+06,1058.6
2765.7,6.2165e+06,1058.6
2765.4,6.2155e+06,1058.6
2765.8,6.2167e+06,1058.6
2766,6.2173e+06,1058.6
2765.9,6.2169e+06,1058.6
2765.8,6.2166e+06,1058.6
2766.2,6.2177e+06,1058.6
2766.3,6.218e+06,1058.6
2765.9,6.2169e+06,1058.6
2765.7,6.2161e+06,1058.6
2767.3,6.2206e+06,1058.6
2767.8,6.2219e+06,1058.7
2765.5,6.2155e+06,1058.7
2764.3,6.2121e+06,1058.7
2765.6,6.2157e+06,1058.7
2766.2,6.2174e+06,1058.7
2765.8,6.2163e+06,1058.7
2765.5,6.2153e+06,1058.7
2765.9,6.2165e+06,1058.7
2766.1,6.2171e+06,1058.7
2766,6.2167e+06,1058.7
2765.9,6.2164e+06,1058.7
2766.3,6.2175e+06,1058.7
2766.4,6.2179e+06,1058.7
2766,6.2167e+06,1058.8
2765.8,6.2159e+06,1058.8
2767.4,6.2204e+06,1058.8
2767.9,6.2217e+06,1058.8
2765.6,6.2154e+06,1058.8
2764.4,6.2119e+06,1058.8
2765.7,6.2156e+06,1058.8
2766.3,6.2172e+06,1058.8
2765.9,6.2161e+06,1058.8
2765.6,6.2151e+06,1058.8
2766,6.2164e+06,1058.8
2766.2,6.2169e+06,1058.8
2766.1,6.2165e+06,1058.8
2766,6.2162e+06,1058.9
2766.4,6.2173e+06,1058.9
2766.5,6.2177e+06,1058.9
2766.1,6.2165e+06,1058.9
2765.9,6.2158e+06,1058.9
2767.5,6.2203e+06,1058.9
2768,6.2215e+06,1058.9
2765.7,6.2152e+06,1058.9
2764.5,6.2118e+06,1058.9
2765.8,6.2154e+06,1058.9
2766.4,6.2171e+06,1058.9
2766,6.2159e+06,1058.9
2765.7,6.215e+06,1058.9
2766.1,6.2162e+06,1059
2766.3,6.2168e+06,1059
2766.2,6.2164e+06,1059
2766.1,6.216e+06,1059
2766.5,6.2171e+06,1059
2766.6,6.2175e+06,1059
2766.2,6.2163e+06,1059
2766,6.2156e+06,1059
2767.6,6.2201e+06,1059
2768.1,6.2213e+06,1059
2765.8,6.215e+06,1059
2764.6,6.2116e+06,1059
2765.9,6.2152e+06,1059
2766.5,6.2169e+06,1059
2766.1,6.2157e+06,1059.1
2765.7,6.2148e+06,1059.1
2766.2,6.216e+06,1059.1
2766.4,6.2166e+06,1059.1
2766.3,6.2162e+06,1059.1
2766.2,6.2159e+06,1059.1
2766.6,6.217e+06,1059.1
2766.7,6.2173e+06,1059.1
2766.3,6.2162e+06,1059.1
2766,6.2154e+06,1059.1
2767.7,6.2199e+06,1059.1
2768.2,6.2212e+06,1059.1
2765.9,6.2149e+06,1059.1
2764.7,6.2114e+06,1059.1
2766,6.2151e+06,1059.2
2766.6,6.2167e+06,1059.2
2766.2,6.2156e+06,1059.2
2765.8,6.2146e+06,1059.2
2766.3,6.2159e+06,1059.2
2766.5,6.2164e+06,1059.2
2766.4,6.216e+06,1059.2
2766.3,6.2157e+06,1059.2
2766.7,6.2168e+06,1059.2
2766.8,6.2172e+06,1059.2
2766.4,6.216e+06,1059.2
2766.1,6.2153e+06,1059.2
2767.8,6.2198e+06,1059.2
2768.2,6.221e+06,1059.2
2766,6.2147e+06,1059.2
2764.7,6.2113e+06,1059.3
2766.1,6.2149e+06,1059.3
2766.7,6.2166e+06,1059.3
2766.3,6.2154e+06,1059.3
2765.9,6.2145e+06,1059.3
2766.4,6.2157e+06,1059.3
2766.6,6.2163e+06,1059.3
2766.5,6.2159e+06,1059.3
2766.3,6.2155e+06,1059.3
2766.8,6.2167e+06,1059.3
2766.9,6.217e+06,1059.3
2766.5,6.2158e+06,1059.3
2766.2,6.2151e+06,1059.3
2767.9,6.2196e+06,1059.3
2768.3,6.2209e+06,1059.3
2766.1,6.2145e+06,1059.3
2764.8,6.2111e+06,1059.4
2766.2,6.2148e+06,1059.4
2766.8,6.2164e+06,1059.4
2766.3,6.2153e+06,1059.4
2766,6.2143e+06,1059.4
2766.5,6.2156e+06,1059.4
2766.7,6.2161e+06,1059.4
2766.5,6.2157e+06,1059.4
2766.4,6.2154e+06,1059.4
2766.8,6.2165e+06,1059.4
2767,6.2169e+06,1059.4
2766.6,6.2157e+06,1059.4
2766.3,6.215e+06,1059.4
2767.9,6.2195e+06,1059.4
2768.4,6.2207e+06,1059.4
2766.1,6.2144e+06,1059.4
2764.9,6.211e+06,1059.5
2766.2,6.2146e+06,1059.5
2766.8,6.2163e+06,1059.5
2766.4,6.2151e+06,1059.5
2766.1,6.2142e+06,1059.5
2766.5,6.2154e+06,1059.5
2766.8,6.216e+06,1059.5
2766.6,6.2156e+06,1059.5
2766.5,6.2152e+06,1059.5
2766.9,6.2164e+06,1059.5
2767.1,6.2167e+06,1059.5
2766.6,6.2155e+06,1059.5
2766.4,6.2148e+06,1059.5
2768,6.2193e+06,1059.5
2768.5,6.2206e+06,1059.5
2766.2,6.2143e+06,1059.5
2765,6.2108e+06,1059.6
2766.3,6.2145e+06,1059.6
2766.9,6.2161e+06,1059.6
2766.5,6.215e+06,1059.6
2766.2,6.214e+06,1059.6
2766.6,6.2153e+06,1059.6
2766.8,6.2158e+06,1059.6
2766.7,6.2154e+06,1059.6
2766.6,6.2151e+06,1059.6
2767,6.2162e+06,1059.6
2767.1,6.2166e+06,1059.6
2766.7,6.2154e+06,1059.6
2766.5,6.2147e+06,1059.6
2768.1,6.2192e+06,1059.6
2768.6,6.2204e+06,1059.6
2766.3,6.2141e+06,1059.6
2765.1,6.2107e+06,1059.6
2766.4,6.2143e+06,1059.6
2767,6.216e+06,1059.7
2766.6,6.2149e+06,1059.7
2766.2,6.2139e+06,1059.7
2766.7,6.2151e+06,1059.7
2766.9,6.2157e+06,1059.7
2766.8,6.2153e+06,1059.7
2766.7,6.215e+06,1059.7
2767.1,6.2161e+06,1059.7
2767.2,6.2165e+06,1059.7
2766.8,6.2153e+06,1059.7
2766.5,6.2145e+06,1059.7
2768.2,6.2191e+06,1059.7
2768.6,6.2203e+06,1059.7
2766.4,6.214e+06,1059.7
2765.1,6.2106e+06,1059.7
2766.5,6.2142e+06,1059.7
2767.1,6.2159e+06,1059.7
2766.7,6.2147e+06,1059.7
2766.3,6.2138e+06,1059.8
2766.8,6.215e+06,1059.8
2767,6.2156e+06,1059.8
2766.8,6.2152e+06,1059.8
2766.7,6.2148e+06,1059.8
2767.1,6.216e+06,1059.8
2767.3,6.2163e+06,1059.8
2766.9,6.2152e+06,1059.8
2766.6,6.2144e+06,1059.8
2768.2,6.2189e+06,1059.8
2768.7,6.2202e+06,1059.8
2766.4,6.2139e+06,1059.8
2765.2,6.2104e+06,1059.8
2766.5,6.2141e+06,1059.8
2767.1,6.2158e+06,1059.8
2766.7,6.2146e+06,1059.8
2766.4,6.2136e+06,1059.8
2766.8,6.2149e+06,1059.8
2767,6.2154e+06,1059.8
2766.9,6.215e+06,1059.8
2766.8,6.2147e+06,1059.9
2767.2,6.2158e+06,1059.9
2767.4,6.2162e+06,1059.9
2766.9,6.215e+06,1059.9
2766.7,6.2143e+06,1059.9
2768.3,6.2188e+06,1059.9
2768.8,6.2201e+06,1059.9
2766.5,6.2137e+06,1059.9
2765.3,6.2103e+06,1059.9
2766.6,6.214e+06,1059.9
2767.2,6.2156e+06,1059.9
2766.8,6.2145e+06,1059.9
2766.4,6.2135e+06,1059.9
2766.9,6.2148e+06,1059.9
2767.1,6.2153e+06,1059.9
2767,6.2149e+06,1059.9
2766.9,6.2146e+06,1059.9
2767.3,6.2157e+06,1059.9
2767.4,6.2161e+06,1059.9
2767,6.2149e+06,1060
2766.7,6.2142e+06,1060
2768.4,6.2187e+06,1060
2768.8,6.2199e+06,1060
2766.6,6.2136e+06,1060
2765.3,6.2102e+06,1060
2766.7,6.2138e+06,1060
2767.3,6.2155e+06,1060
2766.9,6.2144e+06,1060
2766.5,6.2134e+06,1060
2767,6.2146e+06,1060
2767.2,6.2152e+06,1060
2767,6.2148e+06,1060
2766.9,6.2145e+06,1060
2767.3,6.2156e+06,1060
2767.5,6.216e+06,1060
2767.1,6.2148e+06,1060
2766.8,6.2141e+06,1060
2768.4,6.2186e+06,1060
2768.9,6.2198e+06,1060
2766.6,6.2135e+06,1060.1
2765.4,6.2101e+06,1060.1
2766.7,6.2137e+06,1060.1
2767.3,6.2154e+06,1060.1
2766.9,6.2142e+06,1060.1
2766.6,6.2133e+06,1060.1
2767,6.2145e+06,1060.1
2767.2,6.2151e+06,1060.1
2767.1,6.2147e+06,1060.1
2767,6.2144e+06,1060.1
2767.4,6.2155e+06,1060.1
2767.5,6.2159e+06,1060.1
2767.1,6.2147e+06,1060.1
2766.9,6.214e+06,1060.1
2768.5,6.2185e+06,1060.1
2769,6.2197e+06,1060.1
2766.7,6.2134e+06,1060.1
2765.5,6.21e+06,1060.1
2766.8,6.2136e+06,1060.1
2767.4,6.2153e+06,1060.1
2767,6.2141e+06,1060.1
2766.6,6.2132e+06,1060.1
2767.1,6.2144e+06,1060.2
2767.3,6.215e+06,1060.2
2767.2,6.2146e+06,1060.2
2767,6.2143e+06,1060.2
2767.5,6.2154e+06,1060.2
2767.6,6.2158e+06,1060.2
2767.2,6.2146e+06,1060.2
2766.9,6.2138e+06,1060.2
2768.6,6.2184e+06,1060.2
2769,6.2196e+06,1060.2
2766.7,6.2133e+06,1060.2
2765.5,6.2099e+06,1060.2
2766.8,6.2135e+06,1060.2
2767.5,6.2152e+06,1060.2
2767,6.214e+06,1060.2
2766.7,6.2131e+06,1060.2
2767.1,6.2143e+06,1060.2
2767.4,6.2149e+06,1060.2
2767.2,6.2145e+06,1060.2
2767.1,6.2142e+06,1060.2
2767.5,6.2153e+06,1060.2
2767.7,6.2157e+06,1060.2
2767.2,6.2145e+06,1060.2
2767,6.2137e+06,1060.3
2768.6,6.2183e+06,1060.3
2769.1,6.2195e+06,1060.3
2766.8,6.2132e+06,1060.3
2765.6,6.2098e+06,1060.3
2766.9,6.2134e+06,1060.3
2767.5,6.2151e+06,1060.3
2767.1,6.2139e+06,1060.3
2766.7,6.213e+06,1060.3
2767.2,6.2142e+06,1060.3
2767.4,6.2148e+06,1060.3
2767.3,6.2144e+06,1060.3
2767.2,6.2141e+06,1060.3
2767.6,6.2152e+06,1060.3
2767.7,6.2156e+06,1060.3
2767.3,6.2144e+06,1060.3
2767,6.2136e+06,1060.3
2768.7,6.2182e+06,1060.3
2769.1,6.2194e+06,1060.3
2766.9,6.2131e+06,1060.3
2765.6,6.2097e+06,1060.3
2766.9,6.2133e+06,1060.3
2767.6,6.215e+06,1060.3
2767.1,6.2138e+06,1060.4
2766.8,6.2129e+06,1060.4
2767.3,6.2141e+06,1060.4
2767.5,6.2147e+06,1060.4
2767.3,6.2143e+06,1060.4
2767.2,6.214e+06,1060.4
2767.6,6.2151e+06,1060.4
2767.8,6.2155e+06,1060.4
2767.3,6.2143e+06,1060.4
2767.1,6.2135e+06,1060.4
2768.7,6.2181e+06,1060.4
2769.2,6.2193e+06,1060.4
2766.9,6.213e+06,1060.4
2765.7,6.2096e+06,1060.4
2767,6.2132e+06,1060.4
2767.6,6.2149e+06,1060.4
2767.2,6.2137e+06,1060.4
2766.8,6.2128e+06,1060.4
2767.3,6.214e+06,1060.4
2767.5,6.2146e+06,1060.4
2767.4,6.2142e+06,1060.4
2767.3,6.2139e+06,1060.4
2767.7,6.215e+06,1060.4
2767.8,6.2154e+06,1060.4
2767.4,6.2142e+06,1060.4
2767.1,6.2135e+06,1060.4
2768.8,6.218e+06,1060.5
2769.2,6.2192e+06,1060.5
2767,6.2129e+06,1060.5
2765.7,6.2095e+06,1060.5
2767.1,6.2131e+06,1060.5
2767.7,6.2148e+06,1060.5
2767.2,6.2137e+06,1060.5
2766.9,6.2127e+06,1060.5
2767.4,6.2139e+06,1060.5
2767.6,6.2145e+06,1060.5
2767.4,6.2141e+06,1060.5
2767.3,6.2138e+06,1060.5
2767.7,6.2149e+06,1060.5
2767.9,6.2153e+06,1060.5
2767.4,6.2141e+06,1060.5
2767.2,6.2134e+06,1060.5
2768.8,6.2179e+06,1060.5
2769.3,6.2191e+06,1060.5
2767,6.2128e+06,1060.5
2765.8,6.2094e+06,1060.5
2767.1,6.213e+06,1060.5
2767.7,6.2147e+06,1060.5
2767.3,6.2136e+06,1060.5
2766.9,6.2126e+06,1060.5
2767.4,6.2139e+06,1060.5
2767.6,6.2144e+06,1060.5
2767.5,6.214e+06,1060.5
2767.4,6.2137e+06,1060.5
2767.8,6.2148e+06,1060.6
2767.9,6.2152e+06,1060.6
2767.5,6.214e+06,1060.6
2767.2,6.2133e+06,1060.6
2768.9,6.2178e+06,1060.6
2769.3,6.2191e+06,1060.6
2767,6.2127e+06,1060.6
2765.8,6.2093e+06,1060.6
2767.1,6.213e+06,1060.6
2767.8,6.2146e+06,1060.6
2767.3,6.2135e+06,1060.6
2767,6.2125e+06,1060.6
2767.4,6.2138e+06,1060.6
2767.7,6.2143e+06,1060.6
2767.5,6.2139e+06,1060.6
2767.4,6.2136e+06,1060.6
2767.8,6.2147e+06,1060.6
2768,6.2151e+06,1060.6
2767.5,6.2139e+06,1060.6
2767.3,6.2132e+06,1060.6
2768.9,6.2177e+06,1060.6
2769.4,6.219e+06,1060.6
2767.1,6.2127e+06,1060.6
2765.9,6.2092e+06,1060.6
2767.2,6.2129e+06,1060.6
2767.8,6.2146e+06,1060.6
2767.4,6.2134e+06,1060.6
2767,6.2124e+06,1060.6
2767.5,6.2137e+06,1060.7
2767.7,6.2143e+06,1060.7
2767.6,6.2139e+06,1060.7
2767.4,6.2135e+06,1060.7
2767.9,6.2147e+06,1060.7
2768,6.215e+06,1060.7
2767.6,6.2139e+06,1060.7
2767.3,6.2131e+06,1060.7
2769,6.2176e+06,1060.7
2769.4,6.2189e+06,1060.7
2767.1,6.2126e+06,1060.7
2765.9,6.2092e+06,1060.7
2767.2,6.2128e+06,1060.7
2767.8,6.2145e+06,1060.7
2767.4,6.2133e+06,1060.7
2767.1,6.2124e+06,1060.7
2767.5,6.2136e+06,1060.7
2767.7,6.2142e+06,1060.7
2767.6,6.2138e+06,1060.7
2767.5,6.2135e+06,1060.7
2767.9,6.2146e+06,1060.7
2768,6.215e+06,1060.7
2767.6,6.2138e+06,1060.7
2767.4,6.213e+06,1060.7
2769,6.2176e+06,1060.7
2769.5,6.2188e+06,1060.7
2767.2,6.2125e+06,1060.7
2766,6.2091e+06,1060.7
2767.3,6.2127e+06,1060.7
2767.9,6.2144e+06,1060.7
2767.5,6.2132e+06,1060.8
2767.1,6.2123e+06,1060.8
2767.6,6.2135e+06,1060.8
2767.8,6.2141e+06,1060.8
2767.6,6.2137e+06,1060.8
2767.5,6.2134e+06,1060.8
2767.9,6.2145e+06,1060.8
2768.1,6.2149e+06,1060.8
2767.7,6.2137e+06,1060.8
2767.4,6.213e+06,1060.8
2769,6.2175e+06,1060.8
2769.5,6.2187e+06,1060.8
2767.2,6.2124e+06,1060.8
2766,6.209e+06,1060.8
2767.3,6.2126e+06,1060.8
2767.9,6.2143e+06,1060.8
2767.5,6.2132e+06,1060.8
2767.2,6.2122e+06,1060.8
2767.6,6.2135e+06,1060.8
2767.8,6.214e+06,1060.8
2767.7,6.2136e+06,1060.8
2767.6,6.2133e+06,1060.8
2768,6.2144e+06,1060.8
2768.1,6.2148e+06,1060.8
2767.7,6.2136e+06,1060.8
2767.4,6.2129e+06,1060.8
2769.1,6.2174e+06,1060.8
2769.5,6.2187e+06,1060.8
2767.3,6.2124e+06,1060.8
2766,6.209e+06,1060.8
2767.4,6.2126e+06,1060.8
2768,6.2143e+06,1060.8
2767.5,6.2131e+06,1060.8
2767.2,6.2122e+06,1060.8
2767.7,6.2134e+06,1060.9
2767.9,6.214e+06,1060.9
2767.7,6.2136e+06,1060.9
2767.6,6.2132e+06,1060.9
2768,6.2144e+06,1060.9
2768.2,6.2147e+06,1060.9
2767.7,6.2136e+06,1060.9
2767.5,6.2128e+06,1060.9
2769.1,6.2173e+06,1060.9
2769.6,6.2186e+06,1060.9
2767.3,6.2123e+06,1060.9
2766.1,6.2089e+06,1060.9
2767.4,6.2125e+06,1060.9
2768,6.2142e+06,1060.9
2767.6,6.213e+06,1060.9
2767.2,6.2121e+06,1060.9
2767.7,6.2133e+06,1060.9
2767.9,6.2139e+06,1060.9
2767.8,6.2135e+06,1060.9
2767.6,6.2132e+06,1060.9
2768.1,6.2143e+06,1060.9
2768.2,6.2147e+06,1060.9
2767.8,6.2135e+06,1060.9
2767.5,6.2128e+06,1060.9
2769.2,6.2173e+06,1060.9
2769.6,6.2185e+06,1060.9
2767.3,6.2122e+06,1060.9
2766.1,6.2088e+06,1060.9
2767.4,6.2124e+06,1060.9
2768,6.2141e+06,1060.9
2767.6,6.213e+06,1060.9
2767.3,6.212e+06,1060.9
2767.7,6.2133e+06,1060.9
2767.9,6.2138e+06,1060.9
2767.8,6.2134e+06,1060.9
2767.7,6.2131e+06,1060.9
2768.1,6.2142e+06,1061
2768.2,6.2146e+06,1061
2767.8,6.2134e+06,1061
2767.5,6.2127e+06,1061
2769.2,6.2172e+06,1061
2769.7,6.2185e+06,1061
2767.4,6.2122e+06,1061
2766.1,6.2088e+06,1061
2767.5,6.2124e+06,1061
2768.1,6.2141e+06,1061
2767.7,6.2129e+06,1061
2767.3,6.212e+06,1061
2767.8,6.2132e+06,1061
2768,6.2138e+06,1061
2767.8,6.2134e+06,1061
2767.7,6.2131e+06,1061
2768.1,6.2142e+06,1061
2768.3,6.2146e+06,1061
2767.8,6.2134e+06,1061
2767.6,6.2126e+06,1061
2769.2,6.2172e+06,1061
2769.7,6.2184e+06,1061
2767.4,6.2121e+06,1061
2766.2,6.2087e+06,1061
2767.5,6.2123e+06,1061
2768.1,6.214e+06,1061
2767.7,6.2129e+06,1061
2767.3,6.2119e+06,1061
2767.8,6.2131e+06,1061
2768,6.2137e+06,1061
2767.9,6.2133e+06,1061
2767.8,6.213e+06,1061
2768.2,6.2141e+06,1061
2768.3,6.2145e+06,1061
2767.9,6.2133e+06,1061
2767.6,6.2126e+06,1061
2769.3,6.2171e+06,1061
2769.7,6.2184e+06,1061
2767.4,6.212e+06,1061.1
2766.2,6.2086e+06,1061.1
2767.5,6.2123e+06,1061.1
2768.1,6.2139e+06,1061.1
2767.7,6.2128e+06,1061.1
2767.4,6.2118e+06,1061.1
2767.8,6.2131e+06,1061.1
2768,6.2137e+06,1061.1
2767.9,6.2133e+06,1061.1
2767.8,6.2129e+06,1061.1
2768.2,6.2141e+06,1061.1
2768.3,6.2144e+06,1061.1
2767.9,6.2133e+06,1061.1
2767.6,6.2125e+06,1061.1
2769.3,6.217e+06,1061.1
2769.7,6.2183e+06,1061.1
2767.5,6.212e+06,1061.1
2766.2,6.2086e+06,1061.1
2767.6,6.2122e+06,1061.1
2768.2,6.2139e+06,1061.1
2767.7,6.2127e+06,1061.1
2767.4,6.2118e+06,1061.1
2767.9,6.213e+06,1061.1
2768.1,6.2136e+06,1061.1
2767.9,6.2132e+06,1061.1
2767.8,6.2129e+06,1061.1
2768.2,6.214e+06,1061.1
2768.4,6.2144e+06,1061.1
2767.9,6.2132e+06,1061.1
2767.7,6.2125e+06,1061.1
2769.3,6.217e+06,1061.1
2769.8,6.2182e+06,1061.1
2767.5,6.2119e+06,1061.1
2766.3,6.2085e+06,1061.1
2767.6,6.2122e+06,1061.1
2768.2,6.2138e+06,1061.1
2767.8,6.2127e+06,1061.1
2767.4,6.2117e+06,1061.1
2767.9,6.213e+06,1061.1
2768.1,6.2135e+06,1061.1
2768,6.2132e+06,1061.1
2767.8,6.2128e+06,1061.1
2768.3,6.2139e+06,1061.1
2768.4,6.2143e+06,1061.1
2768,6.2131e+06,1061.2
2767.7,6.2124e+06,1061.2
2769.4,6.2169e+06,1061.2
2769.8,6.2182e+06,1061.2
2767.5,6.2119e+06,1061.2
2766.3,6.2085e+06,1061.2
2767.6,6.2121e+06,1061.2
2768.2,6.2138e+06,1061.2
2767.8,6.2126e+06,1061.2
2767.5,6.2117e+06,1061.2
2767.9,6.2129e+06,1061.2
2768.1,6.2135e+06,1061.2
2768,6.2131e+06,1061.2
2767.9,6.2128e+06,1061.2
2768.3,6.2139e+06,1061.2
2768.4,6.2143e+06,1061.2
2768,6.2131e+06,1061.2
2767.7,6.2124e+06,1061.2
2769.4,6.2169e+06,1061.2
2769.8,6.2181e+06,1061.2
2767.6,6.2118e+06,1061.2
2766.3,6.2084e+06,1061.2
2767.6,6.2121e+06,1061.2
2768.3,6.2137e+06,1061.2
2767.8,6.2126e+06,1061.2
2767.5,6.2116e+06,1061.2
2767.9,6.2129e+06,1061.2
2768.2,6.2134e+06,1061.2
2768,6.213e+06,1061.2
2767.9,6.2127e+06,1061.2
2768.3,6.2138e+06,1061.2
2768.5,6.2142e+06,1061.2
2768,6.213e+06,1061.2
2767.8,6.2123e+06,1061.2
2769.4,6.2168e+06,1061.2
2769.9,6.2181e+06,1061.2
2767.6,6.2118e+06,1061.2
2766.3,6.2084e+06,1061.2
2767.7,6.212e+06,1061.2
2768.3,6.2137e+06,1061.2
2767.9,6.2125e+06,1061.2
2767.5,6.2116e+06,1061.2
2768,6.2128e+06,1061.2
2768.2,6.2134e+06,1061.2
2768,6.213e+06,1061.2
2767.9,6.2127e+06,1061.2
2768.3,6.2138e+06,1061.2
2768.5,6.2142e+06,1061.3
2768.1,6.213e+06,1061.3
2767.8,6.2123e+06,1061.3
2769.4,6.2168e+06,1061.3
2769.9,6.218e+06,1061.3
2767.6,6.2117e+06,1061.3
2766.4,6.2083e+06,1061.3
2767.7,6.212e+06,1061.3
2768.3,6.2136e+06,1061.3
2767.9,6.2125e+06,1061.3
2767.5,6.2115e+06,1061.3
2768,6.2128e+06,1061.3
2768.2,6.2133e+06,1061.3
2768.1,6.213e+06,1061.3
2768,6.2126e+06,1061.3
2768.4,6.2138e+06,1061.3
2768.5,6.2141e+06,1061.3
2768.1,6.213e+06,1061.3
2767.8,6.2122e+06,1061.3
2769.5,6.2167e+06,1061.3
2769.9,6.218e+06,1061.3
2767.6,6.2117e+06,1061.3
2766.4,6.2083e+06,1061.3
2767.7,6.2119e+06,1061.3
2768.3,6.2136e+06,1061.3
2767.9,6.2124e+06,1061.3
2767.6,6.2115e+06,1061.3
2768,6.2127e+06,1061.3
2768.2,6.2133e+06,1061.3
2768.1,6.2129e+06,1061.3
2768,6.2126e+06,1061.3
2768.4,6.2137e+06,1061.3
2768.5,6.2141e+06,1061.3
2768.1,6.2129e+06,1061.3
2767.8,6.2122e+06,1061.3
2769.5,6.2167e+06,1061.3
2769.9,6.218e+06,1061.3
2767.7,6.2117e+06,1061.3
2766.4,6.2082e+06,1061.3
2767.7,6.2119e+06,1061.3
2768.4,6.2136e+06,1061.3
2767.9,6.2124e+06,1061.3
2767.6,6.2114e+06,1061.3
2768,6.2127e+06,1061.3
2768.3,6.2133e+06,1061.3
2768.1,6.2129e+06,1061.3
2768,6.2125e+06,1061.3
2768.4,6.2137e+06,1061.3
2768.6,6.214e+06,1061.3
2768.1,6.2129e+06,1061.3
2767.9,6.2121e+06,1061.3
2769.5,6.2167e+06,1061.3
2770,6.2179e+06,1061.3
2767.7,6.2116e+06,1061.4
2766.4,6.2082e+06,1061.4
2767.8,6.2118e+06,1061.4
2768.4,6.2135e+06,1061.4
2768,6.2124e+06,1061.4
2767.6,6.2114e+06,1061.4
2768.1,6.2126e+06,1061.4
2768.3,6.2132e+06,1061.4
2768.1,6.2128e+06,1061.4
2768,6.2125e+06,1061.4
2768.4,6.2136e+06,1061.4
2768.6,6.214e+06,1061.4
2768.1,6.2128e+06,1061.4
2767.9,6.2121e+06,1061.4
2769.5,6.2166e+06,1061.4
2770,6.2179e+06,1061.4
2767.7,6.2116e+06,1061.4
2766.5,6.2082e+06,1061.4
2767.8,6.2118e+06,1061.4
2768.4,6.2135e+06,1061.4
2768,6.2123e+06,1061.4
2767.6,6.2114e+06,1061.4
2768.1,6.2126e+06,1061.4
2768.3,6.2132e+06,1061.4
2768.2,6.2128e+06,1061.4
2768,6.2125e+06,1061.4
2768.5,6.2136e+06,1061.4
2768.6,6.214e+06,1061.4
2768.2,6.2128e+06,1061.4
2767.9,6.2121e+06,1061.4
2769.5,6.2166e+06,1061.4
2770,6.2178e+06,1061.4
2767.7,6.2115e+06,1061.4
2766.5,6.2081e+06,1061.4
2767.8,6.2117e+06,1061.4
2768.4,6.2134e+06,1061.4
2768,6.2123e+06,1061.4
2767.7,6.2113e+06,1061.4
2768.1,6.2126e+06,1061.4
2768.3,6.2131e+06,1061.4
2768.2,6.2127e+06,1061.4
2768.1,6.2124e+06,1061.4
2768.5,6.2135e+06,1061.4
2768.6,6.2139e+06,1061.4
2768.2,6.2127e+06,1061.4
2767.9,6.212e+06,1061.4
2769.6,6.2165e+06,1061.4
2770,6.2178e+06,1061.4
2767.7,6.2115e+06,1061.4
2766.5,6.2081e+06,1061.4
2767.8,6.2117e+06,1061.4
2768.4,6.2134e+06,1061.4
2768,6.2122e+06,1061.4
2767.7,6.2113e+06,1061.4
2768.1,6.2125e+06,1061.4
2768.3,6.2131e+06,1061.4
2768.2,6.2127e+06,1061.4
2768.1,6.2124e+06,1061.4
2768.5,6.2135e+06,1061.4
2768.6,6.2139e+06,1061.4
2768.2,6.2127e+06,1061.4
2767.9,6.212e+06,1061.5
2769.6,6.2165e+06,1061.5
2770,6.2178e+06,1061.5
2767.8,6.2115e+06,1061.5
2766.5,6.208e+06,1061.5
2768,6.2121e+06,1061.5
2768.7,6.214e+06,1061.5
2768,6.2122e+06,1061.5
2767.5,6.2108e+06,1061.5
